<?xml version="1.0" encoding="UTF-8"?>
<fmiModelDescription
  xmlns:xsi="http://www.w3.org/2001/XMLSchema-instance"
  fmiVersion="2.0"
  modelName="FeMetabolism.FeMetabolismModel"
  guid="{aa4a8828-d593-44a2-bf1c-a1ee60c93b33}"
  description="Implementation of Enulescu et al. PLOS Comput. Biol. 2017 Fe metabolism model: new version"
  generationTool="Dymola Version 2021x (64-bit), 2020-10-09"
  generationDateAndTime="2021-02-17T14:07:33Z"
  variableNamingConvention="structured"
  numberOfEventIndicators="0">
  <CoSimulation
    modelIdentifier="FeMetabolism_FeMetabolismModel"
    canHandleVariableCommunicationStepSize="true"
    canInterpolateInputs="true"
    maxOutputDerivativeOrder="1"
    canGetAndSetFMUstate="true"
    canSerializeFMUstate="true"
    providesDirectionalDerivative="true">
    <SourceFiles>
      <File
        name="all.c"/>
    </SourceFiles>
  </CoSimulation>
  <UnitDefinitions>
    <Unit
      name="1"/>
    <Unit
      name="h-1">
      <BaseUnit s="-1"
        factor="0.0002777777777777778"/>
    </Unit>
    <Unit
      name="ug">
      <BaseUnit kg="1"
        factor="1E-09"/>
    </Unit>
    <Unit
      name="ug-1">
      <BaseUnit kg="-1"
        factor="1000000000.0"/>
    </Unit>
    <Unit
      name="ug.h-1">
      <BaseUnit kg="1"
        s="-1"
        factor="2.777777777777778E-13"/>
    </Unit>
    <Unit
      name="ug/s">
      <BaseUnit kg="1"
        s="-1"
        factor="1E-09"/>
    </Unit>
  </UnitDefinitions>
  <DefaultExperiment startTime="0.0"
    stopTime="10000.0"
    tolerance="1E-12"/>
  <ModelVariables>
    <!-- Index for next variable = 1 -->
    <ScalarVariable
      name="hep"
      valueReference="33554432"
      description="Hepcidin ammount (s16 )"
      initial="approx">
      <Real
        unit="ug"
        start="0.66539"/>
    </ScalarVariable>
    <!-- Index for next variable = 2 -->
    <ScalarVariable
      name="der(hep)"
      valueReference="587202560"
      description="der(Hepcidin ammount (s16 ))">
      <Real
        unit="ug/s"
        derivative="1"/>
    </ScalarVariable>
    <!-- Index for next variable = 3 -->
    <ScalarVariable
      name="Bmp6"
      valueReference="33554433"
      description="Bmp6 ammount (s18)"
      initial="approx">
      <Real
        unit="ug"
        start="15.8335"/>
    </ScalarVariable>
    <!-- Index for next variable = 4 -->
    <ScalarVariable
      name="der(Bmp6)"
      valueReference="587202561"
      description="der(Bmp6 ammount (s18))">
      <Real
        unit="ug/s"
        derivative="3"/>
    </ScalarVariable>
    <!-- Index for next variable = 5 -->
    <ScalarVariable
      name="LPS"
      valueReference="33554434"
      description="LPS (Lipopolysaccharide) ammount (s23)"
      initial="exact">
      <Real
        unit="ug"
        start="1.0"/>
    </ScalarVariable>
    <!-- Index for next variable = 6 -->
    <ScalarVariable
      name="der(LPS)"
      valueReference="587202562"
      description="der(LPS (Lipopolysaccharide) ammount (s23))">
      <Real
        unit="ug/s"
        derivative="5"/>
    </ScalarVariable>
    <!-- Index for next variable = 7 -->
    <ScalarVariable
      name="Il6mRNA"
      valueReference="33554435"
      description="IL-6 mRNA ammount (s21)">
      <Real
        unit="ug"/>
    </ScalarVariable>
    <!-- Index for next variable = 8 -->
    <ScalarVariable
      name="der(Il6mRNA)"
      valueReference="587202563"
      description="der(IL-6 mRNA ammount (s21))">
      <Real
        unit="ug/s"
        derivative="7"/>
    </ScalarVariable>
    <!-- Index for next variable = 9 -->
    <ScalarVariable
      name="Il6"
      valueReference="33554436"
      description="IL-L ammount (s22)">
      <Real
        unit="ug"/>
    </ScalarVariable>
    <!-- Index for next variable = 10 -->
    <ScalarVariable
      name="der(Il6)"
      valueReference="587202564"
      description="der(IL-L ammount (s22))">
      <Real
        unit="ug/s"
        derivative="9"/>
    </ScalarVariable>
    <!-- Index for next variable = 11 -->
    <ScalarVariable
      name="Fpn_liv_mRNA"
      valueReference="33554437"
      description="Fpn mRNA ammount in liver (s7)">
      <Real
        unit="ug"/>
    </ScalarVariable>
    <!-- Index for next variable = 12 -->
    <ScalarVariable
      name="der(Fpn_liv_mRNA)"
      valueReference="587202565"
      description="der(Fpn mRNA ammount in liver (s7))">
      <Real
        unit="ug/s"
        derivative="11"/>
    </ScalarVariable>
    <!-- Index for next variable = 13 -->
    <ScalarVariable
      name="Fpn_spl_mRNA"
      valueReference="33554438"
      description="Fpn mRNA ammount in spleen (s9)">
      <Real
        unit="ug"/>
    </ScalarVariable>
    <!-- Index for next variable = 14 -->
    <ScalarVariable
      name="der(Fpn_spl_mRNA)"
      valueReference="587202566"
      description="der(Fpn mRNA ammount in spleen (s9))">
      <Real
        unit="ug/s"
        derivative="13"/>
    </ScalarVariable>
    <!-- Index for next variable = 15 -->
    <ScalarVariable
      name="Fpn_duo_mRNA"
      valueReference="33554439"
      description="Fpn mRNA ammount in duodenum (s8)">
      <Real
        unit="ug"/>
    </ScalarVariable>
    <!-- Index for next variable = 16 -->
    <ScalarVariable
      name="der(Fpn_duo_mRNA)"
      valueReference="587202567"
      description="der(Fpn mRNA ammount in duodenum (s8))">
      <Real
        unit="ug/s"
        derivative="15"/>
    </ScalarVariable>
    <!-- Index for next variable = 17 -->
    <ScalarVariable
      name="Fpn_res_mRNA"
      valueReference="33554440"
      description="Fpn mRNA ammount in other organs (s11)">
      <Real
        unit="ug"/>
    </ScalarVariable>
    <!-- Index for next variable = 18 -->
    <ScalarVariable
      name="der(Fpn_res_mRNA)"
      valueReference="587202568"
      description="der(Fpn mRNA ammount in other organs (s11))">
      <Real
        unit="ug/s"
        derivative="17"/>
    </ScalarVariable>
    <!-- Index for next variable = 19 -->
    <ScalarVariable
      name="Fpn_liv"
      valueReference="33554441"
      description="Fpn ammount in liver (s12)"
      initial="approx">
      <Real
        unit="ug"
        start="1.00003"/>
    </ScalarVariable>
    <!-- Index for next variable = 20 -->
    <ScalarVariable
      name="der(Fpn_liv)"
      valueReference="587202569"
      description="der(Fpn ammount in liver (s12))">
      <Real
        unit="ug/s"
        derivative="19"/>
    </ScalarVariable>
    <!-- Index for next variable = 21 -->
    <ScalarVariable
      name="Fpn_spl"
      valueReference="33554442"
      description="Fpn ammount in spleen (s14)"
      initial="approx">
      <Real
        unit="ug"
        start="1.00002"/>
    </ScalarVariable>
    <!-- Index for next variable = 22 -->
    <ScalarVariable
      name="der(Fpn_spl)"
      valueReference="587202570"
      description="der(Fpn ammount in spleen (s14))">
      <Real
        unit="ug/s"
        derivative="21"/>
    </ScalarVariable>
    <!-- Index for next variable = 23 -->
    <ScalarVariable
      name="Fpn_duo"
      valueReference="33554443"
      description="Fpn ammount in duodenum (s13)"
      initial="approx">
      <Real
        unit="ug"
        start="0.999991"/>
    </ScalarVariable>
    <!-- Index for next variable = 24 -->
    <ScalarVariable
      name="der(Fpn_duo)"
      valueReference="587202571"
      description="der(Fpn ammount in duodenum (s13))">
      <Real
        unit="ug/s"
        derivative="23"/>
    </ScalarVariable>
    <!-- Index for next variable = 25 -->
    <ScalarVariable
      name="Fpn_res"
      valueReference="33554444"
      description="Fpn ammount in other organs (s15)"
      initial="approx">
      <Real
        unit="ug"
        start="0.999965"/>
    </ScalarVariable>
    <!-- Index for next variable = 26 -->
    <ScalarVariable
      name="der(Fpn_res)"
      valueReference="587202572"
      description="der(Fpn ammount in other organs (s15))">
      <Real
        unit="ug/s"
        derivative="25"/>
    </ScalarVariable>
    <!-- Index for next variable = 27 -->
    <ScalarVariable
      name="Fe_liv"
      valueReference="637534208"
      description="Fe ammount in liver (s2)">
      <Real
        unit="ug"/>
    </ScalarVariable>
    <!-- Index for next variable = 28 -->
    <ScalarVariable
      name="Fe_spl"
      valueReference="637534209"
      description="Fe ammount in spleen (s5)">
      <Real
        unit="ug"/>
    </ScalarVariable>
    <!-- Index for next variable = 29 -->
    <ScalarVariable
      name="Fe_bm"
      valueReference="33554445"
      description="Fe ammount in bones (s3)"
      initial="approx">
      <Real
        unit="ug"
        start="63.1707"/>
    </ScalarVariable>
    <!-- Index for next variable = 30 -->
    <ScalarVariable
      name="der(Fe_bm)"
      valueReference="587202573"
      description="der(Fe ammount in bones (s3))">
      <Real
        unit="ug/s"
        derivative="29"/>
    </ScalarVariable>
    <!-- Index for next variable = 31 -->
    <ScalarVariable
      name="Fe_RBC"
      valueReference="33554446"
      description="Fe ammount in red blood cells (s6)"
      initial="approx">
      <Real
        unit="ug"
        start="1016.9"/>
    </ScalarVariable>
    <!-- Index for next variable = 32 -->
    <ScalarVariable
      name="der(Fe_RBC)"
      valueReference="587202574"
      description="der(Fe ammount in red blood cells (s6))">
      <Real
        unit="ug/s"
        derivative="31"/>
    </ScalarVariable>
    <!-- Index for next variable = 33 -->
    <ScalarVariable
      name="Fe_duo"
      valueReference="637534210"
      description="Fe ammount in duodenum (s4)">
      <Real
        unit="ug"/>
    </ScalarVariable>
    <!-- Index for next variable = 34 -->
    <ScalarVariable
      name="Fe_res"
      valueReference="637534211"
      description="Fe ammount in other organs (s10)">
      <Real
        unit="ug"/>
    </ScalarVariable>
    <!-- Index for next variable = 35 -->
    <ScalarVariable
      name="Fe_ser"
      valueReference="33554447"
      description="Fe ammount in serum (s1)"
      initial="approx">
      <Real
        unit="ug"
        start="1.51331"/>
    </ScalarVariable>
    <!-- Index for next variable = 36 -->
    <ScalarVariable
      name="der(Fe_ser)"
      valueReference="587202575"
      description="der(Fe ammount in serum (s1))">
      <Real
        unit="ug/s"
        derivative="35"/>
    </ScalarVariable>
    <!-- Index for next variable = 37 -->
    <ScalarVariable
      name="Fe_total"
      valueReference="905969668"
      description="Total Fe amount">
      <Real
        unit="ug"/>
    </ScalarVariable>
    <!-- Index for next variable = 38 -->
    <ScalarVariable
      name="Fe_ser_input"
      valueReference="637534213"
      description="Fe ammount in serum: input">
      <Real
        unit="ug.h-1"/>
    </ScalarVariable>
    <!-- Index for next variable = 39 -->
    <ScalarVariable
      name="Fe_ser_output"
      valueReference="637534214"
      description="Fe ammount in serum: output">
      <Real
        unit="ug.h-1"/>
    </ScalarVariable>
    <!-- Index for next variable = 40 -->
    <ScalarVariable
      name="k_hep_deg"
      valueReference="16777216"
      description="Hepcidin degradation rate (k20), 0.067/0.070"
      causality="parameter"
      variability="tunable">
      <Real
        unit="h-1"
        start="0.07"/>
    </ScalarVariable>
    <!-- Index for next variable = 41 -->
    <ScalarVariable
      name="K_Bmp6"
      valueReference="16777217"
      description="Michaelis-Menten constant Bmp6 synthesis (k37), 16.5/55.7"
      causality="parameter"
      variability="tunable">
      <Real
        unit="ug"
        start="19.65"/>
    </ScalarVariable>
    <!-- Index for next variable = 42 -->
    <ScalarVariable
      name="v_Bmp6_max"
      valueReference="100663303"
      description="Bmp6 maximal synthesis rate (k21*k37 = k21*K_Bmp6) k21 = 1.6015, K_Bmp6 = 19.65, 14.2/126.5"
      variability="tunable">
      <Real
        unit="h-1"/>
    </ScalarVariable>
    <!-- Index for next variable = 43 -->
    <ScalarVariable
      name="Tf"
      valueReference="16777218"
      description="Paremeter determining the maximal amount of iron that can be bound to transferrin (k32)"
      causality="parameter"
      variability="tunable">
      <Real
        unit="ug"
        start="1000.0"/>
    </ScalarVariable>
    <!-- Index for next variable = 44 -->
    <ScalarVariable
      name="k_Bmp6_deg"
      valueReference="16777219"
      description="Bmp6 degradation rate (k22), 1.0/9.5"
      causality="parameter"
      variability="tunable">
      <Real
        unit="h-1"
        start="2.3962"/>
    </ScalarVariable>
    <!-- Index for next variable = 45 -->
    <ScalarVariable
      name="k_LPS_deg"
      valueReference="16777220"
      description="LPS degradation rate, 5.9/5.9"
      causality="parameter"
      variability="tunable">
      <Real
        unit="h-1"
        start="5.856"/>
    </ScalarVariable>
    <!-- Index for next variable = 46 -->
    <ScalarVariable
      name="K_Il6mRNA"
      valueReference="16777221"
      description="Michaelis-Menten constant Il6mRNA synthesis, 2.6-e6/2.6e-6"
      causality="parameter"
      variability="tunable">
      <Real
        unit="ug"
        start="2.6E-06"/>
    </ScalarVariable>
    <!-- Index for next variable = 47 -->
    <ScalarVariable
      name="k_Il6mRNA_deg"
      valueReference="16777222"
      description="Il6mRNA degradation rate, 0.28/0.28"
      causality="parameter"
      variability="tunable">
      <Real
        unit="h-1"
        start="0.2814"/>
    </ScalarVariable>
    <!-- Index for next variable = 48 -->
    <ScalarVariable
      name="k_Il6_syn"
      valueReference="16777223"
      description="Il6 synthesis rate, 4.1067*k23, k23 = 157.4, 136/872"
      causality="parameter"
      variability="tunable">
      <Real
        unit="h-1"
        start="646.39458"/>
    </ScalarVariable>
    <!-- Index for next variable = 49 -->
    <ScalarVariable
      name="k_Il6_deg"
      valueReference="16777224"
      description="Il6 degradation rate, 4.45/4.45"
      causality="parameter"
      variability="tunable">
      <Real
        unit="h-1"
        start="4.4465"/>
    </ScalarVariable>
    <!-- Index for next variable = 50 -->
    <ScalarVariable
      name="K_2"
      valueReference="16777225"
      description="Constant FpnmRNA production (k41), 3.0e-4/2.0e-3"
      causality="parameter"
      variability="tunable">
      <Real start="0.0012836"/>
    </ScalarVariable>
    <!-- Index for next variable = 51 -->
    <ScalarVariable
      name="k_FpnmRNA_deg"
      valueReference="16777226"
      description="FpnmRNA degradation rate (k25), 1.02/1.20"
      causality="parameter"
      variability="tunable">
      <Real
        unit="h-1"
        start="1.0841"/>
    </ScalarVariable>
    <!-- Index for next variable = 52 -->
    <ScalarVariable
      name="K_liv_1"
      valueReference="16777227"
      description="Constant Fpn_liv_mRNA production (k24), 28.0/32.5"
      causality="parameter"
      variability="tunable">
      <Real start="30.66"/>
    </ScalarVariable>
    <!-- Index for next variable = 53 -->
    <ScalarVariable
      name="K_spl_1"
      valueReference="100663304"
      description="Constant Fpn_spl_mRNA production (k36*K_liv_1, k36 = 1.086700), 33.1/34.5"
      variability="tunable">
      <Real/>
    </ScalarVariable>
    <!-- Index for next variable = 54 -->
    <ScalarVariable
      name="K_duo_1"
      valueReference="100663305"
      description="Constant Fpn_duo_mRNA production (k35*K_liv_1, k35 = 0.020001), 0.56/0.79"
      variability="tunable">
      <Real/>
    </ScalarVariable>
    <!-- Index for next variable = 55 -->
    <ScalarVariable
      name="K_res_1"
      valueReference="100663306"
      description="Constant Fpn_res_mRNA production (k42*K_liv_1, k42 = 0.366290), 7.80/43.7"
      variability="tunable">
      <Real/>
    </ScalarVariable>
    <!-- Index for next variable = 56 -->
    <ScalarVariable
      name="k_Fpnliv_syn"
      valueReference="16777228"
      description="Fpnliv synthesis rate (k28), 0.07/0.14"
      causality="parameter"
      variability="tunable">
      <Real
        unit="h-1"
        start="0.1297"/>
    </ScalarVariable>
    <!-- Index for next variable = 57 -->
    <ScalarVariable
      name="k_Fpnspl_syn"
      valueReference="16777229"
      description="Fpnspl synthesis rate (k30), 0.015/0.027"
      causality="parameter"
      variability="tunable">
      <Real
        unit="h-1"
        start="0.022722"/>
    </ScalarVariable>
    <!-- Index for next variable = 58 -->
    <ScalarVariable
      name="k_Fpnduo_syn"
      valueReference="16777230"
      description="Fpnduo synthesis rate (k29), 0.01/0.25"
      causality="parameter"
      variability="tunable">
      <Real
        unit="h-1"
        start="0.030299"/>
    </ScalarVariable>
    <!-- Index for next variable = 59 -->
    <ScalarVariable
      name="k_Fpnres_syn"
      valueReference="16777231"
      description="Fpnres synthesis rate (k40), 0.004/0.108"
      causality="parameter"
      variability="tunable">
      <Real
        unit="h-1"
        start="0.0050598"/>
    </ScalarVariable>
    <!-- Index for next variable = 60 -->
    <ScalarVariable
      name="k_liv_1"
      valueReference="16777232"
      description="Constant Fpn_liv production (k17), 0.002/0.006"
      causality="parameter"
      variability="tunable">
      <Real
        unit="ug-1"
        start="0.0033177"/>
    </ScalarVariable>
    <!-- Index for next variable = 61 -->
    <ScalarVariable
      name="k_spl_1"
      valueReference="16777233"
      description="Constant Fpn_spl production (k27), 0.005/0.028"
      causality="parameter"
      variability="tunable">
      <Real
        unit="ug-1"
        start="0.014027"/>
    </ScalarVariable>
    <!-- Index for next variable = 62 -->
    <ScalarVariable
      name="k_duo_1"
      valueReference="16777234"
      description="Constant Fpn_duo production (k46), 0.06/0.49"
      causality="parameter"
      variability="tunable">
      <Real
        unit="ug-1"
        start="0.16007"/>
    </ScalarVariable>
    <!-- Index for next variable = 63 -->
    <ScalarVariable
      name="k_res_1"
      valueReference="16777235"
      description="Constant Fpn_res production (k47), 0.004/0.152"
      causality="parameter"
      variability="tunable">
      <Real
        unit="ug-1"
        start="0.11376"/>
    </ScalarVariable>
    <!-- Index for next variable = 64 -->
    <ScalarVariable
      name="k_Fpnliv_deg"
      valueReference="16777236"
      description="Fpnliv degradation rate (k12), 0.01/0.06"
      causality="parameter"
      variability="tunable">
      <Real
        unit="h-1"
        start="0.055363"/>
    </ScalarVariable>
    <!-- Index for next variable = 65 -->
    <ScalarVariable
      name="k_Fpnspl_deg"
      valueReference="100663307"
      description="Fpnspl degradation rate (k12*k18, k18 = 0.054621), 0.0007/0.0038"
      variability="tunable">
      <Real
        unit="h-1"/>
    </ScalarVariable>
    <!-- Index for next variable = 66 -->
    <ScalarVariable
      name="k_Fpnduo_deg"
      valueReference="100663308"
      description="Fpnduo degradation rate (k12*k15, k15 = 0.3815), 0.0056/0.147"
      variability="tunable">
      <Real
        unit="h-1"/>
    </ScalarVariable>
    <!-- Index for next variable = 67 -->
    <ScalarVariable
      name="k_Fpnres_deg"
      valueReference="100663309"
      description="Fpnres degradation rate (k12*k38, k38 = 0.52232), 0.025/0.129"
      variability="tunable">
      <Real
        unit="h-1"/>
    </ScalarVariable>
    <!-- Index for next variable = 68 -->
    <ScalarVariable
      name="k_liv_2"
      valueReference="16777237"
      description="Constant Fpnliv degradation (k13), 2.11/12.93"
      causality="parameter"
      variability="tunable">
      <Real start="2.5743"/>
    </ScalarVariable>
    <!-- Index for next variable = 69 -->
    <ScalarVariable
      name="k_spl_2"
      valueReference="100663310"
      description="Constant Fpnspl degradation (k13*k19, k19 = 4.4694), 9.2/73.7"
      variability="tunable">
      <Real/>
    </ScalarVariable>
    <!-- Index for next variable = 70 -->
    <ScalarVariable
      name="k_duo_2"
      valueReference="100663311"
      description="Constant Fpnduo degradation (k13*k16, k16 = 0.55631), 0.78/4.16"
      variability="tunable">
      <Real/>
    </ScalarVariable>
    <!-- Index for next variable = 71 -->
    <ScalarVariable
      name="k_res_2"
      valueReference="100663312"
      description="Constant Fpnres degradation (k13*k39, k39 = 4.5163), 3.7/38.1"
      variability="tunable">
      <Real/>
    </ScalarVariable>
    <!-- Index for next variable = 72 -->
    <ScalarVariable
      name="v_liv_1"
      valueReference="16777238"
      description="Low liver iron uptake (k4), 2.78/9.81"
      causality="parameter"
      variability="tunable">
      <Real
        unit="ug.h-1"
        start="3.9607"/>
    </ScalarVariable>
    <!-- Index for next variable = 73 -->
    <ScalarVariable
      name="v_liv_2"
      valueReference="16777239"
      description="High liver iron uptake (k45)"
      causality="parameter"
      variability="tunable">
      <Real
        unit="ug.h-1"
        start="14.381"/>
    </ScalarVariable>
    <!-- Index for next variable = 74 -->
    <ScalarVariable
      name="th"
      valueReference="16777240"
      description="Threshold serum iron value (k26), 2.08/3.00"
      causality="parameter"
      variability="tunable">
      <Real
        unit="ug"
        start="2.687"/>
    </ScalarVariable>
    <!-- Index for next variable = 75 -->
    <ScalarVariable
      name="u_liv"
      valueReference="16777241"
      description="Liver iron export rate (k1), 0.05/0.19"
      causality="parameter"
      variability="tunable">
      <Real
        unit="h-1"
        start="0.077844"/>
    </ScalarVariable>
    <!-- Index for next variable = 76 -->
    <ScalarVariable
      name="Fe_liv_max"
      valueReference="16777242"
      description="Threshold value liver iron export (k43), 100.0/159.0"
      causality="parameter"
      variability="tunable">
      <Real start="119.55"/>
    </ScalarVariable>
    <!-- Index for next variable = 77 -->
    <ScalarVariable
      name="v_spl_1"
      valueReference="16777243"
      description="Spleen iron uptake rate from RBC (k10), 0.002 = value for trace exp., 0.004/0.005"
      causality="parameter"
      variability="tunable">
      <Real
        unit="h-1"
        start="0.0036035"/>
    </ScalarVariable>
    <!-- Index for next variable = 78 -->
    <ScalarVariable
      name="v_spl_2"
      valueReference="16777244"
      description="Spleen iron uptake rate from bones (k7), 0.008/0.019"
      causality="parameter"
      variability="tunable">
      <Real
        unit="h-1"
        start="0.0096817"/>
    </ScalarVariable>
    <!-- Index for next variable = 79 -->
    <ScalarVariable
      name="u_spl"
      valueReference="16777245"
      description="Spleen export rate (k3), 0.21/0.36"
      causality="parameter"
      variability="tunable">
      <Real
        unit="h-1"
        start="0.24102"/>
    </ScalarVariable>
    <!-- Index for next variable = 80 -->
    <ScalarVariable
      name="Fe_spl_max"
      valueReference="16777246"
      description="Threshold value spleen iron export (k44), 57.0/95.0"
      causality="parameter"
      variability="tunable">
      <Real
        unit="ug"
        start="88.216"/>
    </ScalarVariable>
    <!-- Index for next variable = 81 -->
    <ScalarVariable
      name="v_bm"
      valueReference="16777247"
      description="Bone marrow uptake rate (k5), 2.66/4.16"
      causality="parameter"
      variability="tunable">
      <Real
        unit="h-1"
        start="2.8256"/>
    </ScalarVariable>
    <!-- Index for next variable = 82 -->
    <ScalarVariable
      name="v_RBC"
      valueReference="16777248"
      description="RBC uptake rate (k8), 0.055/0.075"
      causality="parameter"
      variability="tunable">
      <Real
        unit="h-1"
        start="0.058008"/>
    </ScalarVariable>
    <!-- Index for next variable = 83 -->
    <ScalarVariable
      name="k14"
      valueReference="16777249"
      description="k14 constant"
      causality="parameter"
      variability="fixed">
      <Real
        unit="1"
        start="0.19419"/>
    </ScalarVariable>
    <!-- Index for next variable = 84 -->
    <ScalarVariable
      name="k31"
      valueReference="16777250"
      description="k31 constant"
      causality="parameter"
      variability="fixed">
      <Real
        unit="1"
        start="33.333"/>
    </ScalarVariable>
    <!-- Index for next variable = 85 -->
    <ScalarVariable
      name="K_duo"
      valueReference="16777251"
      description="Saturation parameter duodenal uptake, corresponds to k11, units??"
      causality="parameter"
      variability="tunable">
      <Real
        unit="ug.h-1"
        start="177.34"/>
    </ScalarVariable>
    <!-- Index for next variable = 86 -->
    <ScalarVariable
      name="v_duo"
      valueReference="16777252"
      description="Duodenal uptake rate from blood (k6), 0.6/1.3"
      causality="parameter"
      variability="tunable">
      <Real
        unit="h-1"
        start="0.70485"/>
    </ScalarVariable>
    <!-- Index for next variable = 87 -->
    <ScalarVariable
      name="u_duo"
      valueReference="16777253"
      description="Duodenal export rate (k2), 0.66/1.38"
      causality="parameter"
      variability="tunable">
      <Real
        unit="h-1"
        start="0.88356"/>
    </ScalarVariable>
    <!-- Index for next variable = 88 -->
    <ScalarVariable
      name="v_res"
      valueReference="16777254"
      description="Other organs uptake rate (k34), 5.4/10.0"
      causality="parameter"
      variability="tunable">
      <Real
        unit="h-1"
        start="6.3206"/>
    </ScalarVariable>
    <!-- Index for next variable = 89 -->
    <ScalarVariable
      name="u_res"
      valueReference="16777255"
      description="Other organs export rate (k33), 0.014/0.030"
      causality="parameter"
      variability="tunable">
      <Real
        unit="h-1"
        start="0.017143"/>
    </ScalarVariable>
    <!-- Index for next variable = 90 -->
    <ScalarVariable
      name="v_duo_lost"
      valueReference="16777256"
      description="Iron lost rate duodenum (k48), 0.001/0.320"
      causality="parameter"
      variability="tunable">
      <Real
        unit="h-1"
        start="0.091919"/>
    </ScalarVariable>
    <!-- Index for next variable = 91 -->
    <ScalarVariable
      name="u_res_lost"
      valueReference="16777257"
      description="Iron lost rate rest (k9), 0.002/0.004"
      causality="parameter"
      variability="tunable">
      <Real
        unit="h-1"
        start="0.0033401"/>
    </ScalarVariable>
    <!-- Index for next variable = 92 -->
    <ScalarVariable
      name="Fe_res_max"
      valueReference="16777258"
      description="Limit value, iron lost rest (k49), 510/947"
      causality="parameter"
      variability="tunable">
      <Real
        unit="ug"
        start="510.68"/>
    </ScalarVariable>
    <!-- Index for next variable = 93 -->
    <ScalarVariable
      name="v_duo_max"
      valueReference="16777259"
      description="Maximal duodenal uptake from food (SI. Eq.14)"
      causality="parameter"
      variability="tunable">
      <Real start="9.86"/>
    </ScalarVariable>
    <!-- Index for next variable = 94 -->
    <ScalarVariable
      name="Fe_food"
      valueReference="16777260"
      description="Food iron content (SI. Eq.14), default: 218.6322"
      causality="parameter"
      variability="tunable">
      <Real
        unit="ug.h-1"
        start="218.6322"/>
    </ScalarVariable>
    <!-- Index for next variable = 95 -->
    <ScalarVariable
      name="bleeding"
      valueReference="16777261"
      description="Bleeding, to be set"
      causality="parameter"
      variability="tunable">
      <Real
        unit="ug.h-1"
        start="0"/>
    </ScalarVariable>
    <!-- Index for next variable = 96 -->
    <ScalarVariable
      name="malabsorption"
      valueReference="16777262"
      description="iron malabsorption coefficient: &lt;0;1&gt;; 0 = no absorption, 1 = physiologic"
      causality="parameter"
      variability="tunable">
      <Real start="1"/>
    </ScalarVariable>
    <!-- Index for next variable = 97 -->
    <ScalarVariable
      name="loss_factor"
      valueReference="16777263"
      description="iron loss factor, 1 = physiologic, &gt;1 enhanced loss"
      causality="parameter"
      variability="tunable">
      <Real start="1"/>
    </ScalarVariable>
    <!-- Index for next variable = 98 -->
    <ScalarVariable
      name="transfusion"
      valueReference="16777264"
      description="transfusion rate, to be set"
      causality="parameter"
      variability="tunable">
      <Real
        unit="ug.h-1"
        start="0"/>
    </ScalarVariable>
    <!-- Index for next variable = 99 -->
    <ScalarVariable
      name="unregulated_absorption"
      valueReference="16777265"
      causality="parameter"
      variability="tunable">
      <Boolean start="false"/>
    </ScalarVariable>
    <!-- Index for next variable = 100 -->
    <ScalarVariable
      name="hep_knockout"
      valueReference="16777266"
      causality="parameter"
      variability="tunable">
      <Real start="1"/>
    </ScalarVariable>
    <!-- Index for next variable = 101 -->
    <ScalarVariable
      name="Fpn_duo_knockout"
      valueReference="16777267"
      causality="parameter"
      variability="tunable">
      <Real start="1"/>
    </ScalarVariable>
    <!-- Index for next variable = 102 -->
    <ScalarVariable
      name="Fpn_liv_knockout"
      valueReference="16777268"
      causality="parameter"
      variability="tunable">
      <Real start="1"/>
    </ScalarVariable>
    <!-- Index for next variable = 103 -->
    <ScalarVariable
      name="Fpn_spl_knockout"
      valueReference="16777269"
      causality="parameter"
      variability="tunable">
      <Real start="1"/>
    </ScalarVariable>
    <!-- Index for next variable = 104 -->
    <ScalarVariable
      name="Fpn_res_knockout"
      valueReference="16777270"
      causality="parameter"
      variability="tunable">
      <Real start="1"/>
    </ScalarVariable>
    <!-- Index for next variable = 105 -->
    <ScalarVariable
      name="to_ferritin_rate"
      valueReference="16777271"
      description="rate of flow Fe++ -&gt; Fe+++"
      causality="parameter"
      variability="tunable">
      <Real start="3"/>
    </ScalarVariable>
    <!-- Index for next variable = 106 -->
    <ScalarVariable
      name="from_ferritin_rate"
      valueReference="100663313"
      description="rate of flow Fe+++ -&gt; Fe++"
      variability="tunable">
      <Real/>
    </ScalarVariable>
    <!-- Index for next variable = 107 -->
    <ScalarVariable
      name="Fe_duo_2"
      valueReference="33554448"
      description="Fe++ in duodenum"
      initial="approx">
      <Real
        unit="ug"
        start="0.74"/>
    </ScalarVariable>
    <!-- Index for next variable = 108 -->
    <ScalarVariable
      name="der(Fe_duo_2)"
      valueReference="587202576"
      description="der(Fe++ in duodenum)">
      <Real
        unit="ug/s"
        derivative="107"/>
    </ScalarVariable>
    <!-- Index for next variable = 109 -->
    <ScalarVariable
      name="Fe_duo_3"
      valueReference="33554449"
      description="Fe+++ in duodenum, basically in ferritin"
      initial="approx">
      <Real
        unit="ug"
        start="2.22"/>
    </ScalarVariable>
    <!-- Index for next variable = 110 -->
    <ScalarVariable
      name="der(Fe_duo_3)"
      valueReference="587202577"
      description="der(Fe+++ in duodenum, basically in ferritin)">
      <Real
        unit="ug/s"
        derivative="109"/>
    </ScalarVariable>
    <!-- Index for next variable = 111 -->
    <ScalarVariable
      name="Fe_duo_to_ferritin"
      valueReference="637534226">
      <Real/>
    </ScalarVariable>
    <!-- Index for next variable = 112 -->
    <ScalarVariable
      name="Fe_duo_from_ferritin"
      valueReference="637534227">
      <Real/>
    </ScalarVariable>
    <!-- Index for next variable = 113 -->
    <ScalarVariable
      name="Fe_duo_intake"
      valueReference="100663316"
      description="Fe intake from food"
      variability="tunable">
      <Real/>
    </ScalarVariable>
    <!-- Index for next variable = 114 -->
    <ScalarVariable
      name="Fe_duo_in_food"
      valueReference="637534229"
      description="Fe input to duodenum from intestines, prev:in_1">
      <Real/>
    </ScalarVariable>
    <!-- Index for next variable = 115 -->
    <ScalarVariable
      name="Fe_duo_in_ser"
      valueReference="637534230"
      description="Fe input to duodenum from serum, prev:in_2">
      <Real/>
    </ScalarVariable>
    <!-- Index for next variable = 116 -->
    <ScalarVariable
      name="Fe_duo_out_ser"
      valueReference="637534231"
      description="Fe output from duodenum to serum, prev:out_1">
      <Real/>
    </ScalarVariable>
    <!-- Index for next variable = 117 -->
    <ScalarVariable
      name="Fe_duo_out_loss"
      valueReference="637534232"
      description="Fe output from duodenum to intestines (Fe loss), prev:out_2">
      <Real/>
    </ScalarVariable>
    <!-- Index for next variable = 118 -->
    <ScalarVariable
      name="Fe_duo_unused"
      valueReference="905969689"
      description="Unused Fe going through intestines">
      <Real/>
    </ScalarVariable>
    <!-- Index for next variable = 119 -->
    <ScalarVariable
      name="Fpn_duo_in_1"
      valueReference="637534234"
      description="Fpn in duodenum creation: standard from mRNA">
      <Real/>
    </ScalarVariable>
    <!-- Index for next variable = 120 -->
    <ScalarVariable
      name="Fpn_duo_in_2"
      valueReference="637534235"
      description="Fpn in duodenum creation by activation of Fe_duo">
      <Real/>
    </ScalarVariable>
    <!-- Index for next variable = 121 -->
    <ScalarVariable
      name="Fpn_duo_out_1"
      valueReference="637534236"
      description="Degradation (internalization) of Fpn in duodenum: standard degradation rate">
      <Real/>
    </ScalarVariable>
    <!-- Index for next variable = 122 -->
    <ScalarVariable
      name="Fpn_duo_out_2"
      valueReference="637534237"
      description="Degradation (internalization) of Fpn in duodenum by hepcidine">
      <Real/>
    </ScalarVariable>
    <!-- Index for next variable = 123 -->
    <ScalarVariable
      name="Fpn_duo_in"
      valueReference="637534238"
      description="Fpn in duodenum synthesis">
      <Real/>
    </ScalarVariable>
    <!-- Index for next variable = 124 -->
    <ScalarVariable
      name="Fpn_duo_out"
      valueReference="637534239"
      description="Fpn in duodenum degradation">
      <Real/>
    </ScalarVariable>
    <!-- Index for next variable = 125 -->
    <ScalarVariable
      name="Fpn_duo_mRNA_in"
      valueReference="637534240"
      description="Fpn mRNA in duodenum synthesis">
      <Real/>
    </ScalarVariable>
    <!-- Index for next variable = 126 -->
    <ScalarVariable
      name="Fpn_duo_mRNA_out"
      valueReference="637534241"
      description="Fpn mRNA in duodenum degradation">
      <Real/>
    </ScalarVariable>
    <!-- Index for next variable = 127 -->
    <ScalarVariable
      name="Fpn_duo_mRNA_inhib"
      valueReference="637534242"
      description="Fpn mRNA in duodenum production inhibition by IL-6 (or indirectly by LPS)">
      <Real/>
    </ScalarVariable>
    <!-- Index for next variable = 128 -->
    <ScalarVariable
      name="Fe_liv_2"
      valueReference="33554450"
      description="Fe++ in liver"
      initial="approx">
      <Real
        unit="ug"
        start="19.2487"/>
    </ScalarVariable>
    <!-- Index for next variable = 129 -->
    <ScalarVariable
      name="der(Fe_liv_2)"
      valueReference="587202578"
      description="der(Fe++ in liver)">
      <Real
        unit="ug/s"
        derivative="128"/>
    </ScalarVariable>
    <!-- Index for next variable = 130 -->
    <ScalarVariable
      name="Fe_liv_3"
      valueReference="33554451"
      description="Fe+++ in liver, basically in ferritin"
      initial="approx">
      <Real
        unit="ug"
        start="57.7461"/>
    </ScalarVariable>
    <!-- Index for next variable = 131 -->
    <ScalarVariable
      name="der(Fe_liv_3)"
      valueReference="587202579"
      description="der(Fe+++ in liver, basically in ferritin)">
      <Real
        unit="ug/s"
        derivative="130"/>
    </ScalarVariable>
    <!-- Index for next variable = 132 -->
    <ScalarVariable
      name="Fe_liv_to_ferritin"
      valueReference="637534243">
      <Real/>
    </ScalarVariable>
    <!-- Index for next variable = 133 -->
    <ScalarVariable
      name="Fe_liv_from_ferritin"
      valueReference="637534244">
      <Real/>
    </ScalarVariable>
    <!-- Index for next variable = 134 -->
    <ScalarVariable
      name="Fe_liv_in_ser"
      valueReference="637534245"
      description="Fe input to liver from serum">
      <Real/>
    </ScalarVariable>
    <!-- Index for next variable = 135 -->
    <ScalarVariable
      name="Fe_liv_out_ser"
      valueReference="637534246"
      description="Fe output from liver to serum">
      <Real/>
    </ScalarVariable>
    <!-- Index for next variable = 136 -->
    <ScalarVariable
      name="Fpn_liv_in_1"
      valueReference="637534247"
      description="Fpn in liver creation: standard from mRNA">
      <Real/>
    </ScalarVariable>
    <!-- Index for next variable = 137 -->
    <ScalarVariable
      name="Fpn_liv_in_2"
      valueReference="637534248"
      description="Fpn in liver creation by activation of Fe_liv">
      <Real/>
    </ScalarVariable>
    <!-- Index for next variable = 138 -->
    <ScalarVariable
      name="Fpn_liv_out_1"
      valueReference="637534249"
      description="Degradation (internalization) of Fpn in liver: standard degradation rate">
      <Real/>
    </ScalarVariable>
    <!-- Index for next variable = 139 -->
    <ScalarVariable
      name="Fpn_liv_out_2"
      valueReference="637534250"
      description="Degradation (internalization) of Fpn in liver by hepcidine">
      <Real/>
    </ScalarVariable>
    <!-- Index for next variable = 140 -->
    <ScalarVariable
      name="Fpn_liv_in"
      valueReference="637534251"
      description="Fpn in liver synthesis">
      <Real/>
    </ScalarVariable>
    <!-- Index for next variable = 141 -->
    <ScalarVariable
      name="Fpn_liv_out"
      valueReference="637534252"
      description="Fpn in liver degradation">
      <Real/>
    </ScalarVariable>
    <!-- Index for next variable = 142 -->
    <ScalarVariable
      name="Fpn_liv_mRNA_in"
      valueReference="637534253"
      description="Fpn mRNA in liver synthesis">
      <Real/>
    </ScalarVariable>
    <!-- Index for next variable = 143 -->
    <ScalarVariable
      name="Fpn_liv_mRNA_out"
      valueReference="637534254"
      description="Fpn mRNA in liver degradation">
      <Real/>
    </ScalarVariable>
    <!-- Index for next variable = 144 -->
    <ScalarVariable
      name="Fpn_liv_mRNA_inhib"
      valueReference="637534255"
      description="Fpn mRNA in liver production inhibition by IL-6 (or indirectly by LPS)">
      <Real/>
    </ScalarVariable>
    <!-- Index for next variable = 145 -->
    <ScalarVariable
      name="Fe_ser_in_liv"
      valueReference="637534256"
      description="Fe flow from liver to serum">
      <Real/>
    </ScalarVariable>
    <!-- Index for next variable = 146 -->
    <ScalarVariable
      name="Fe_ser_in_spl"
      valueReference="637534257"
      description="Fe flow from spleen to serum">
      <Real/>
    </ScalarVariable>
    <!-- Index for next variable = 147 -->
    <ScalarVariable
      name="Fe_ser_in_duo"
      valueReference="637534258"
      description="Fe flow from duodenum to serum">
      <Real/>
    </ScalarVariable>
    <!-- Index for next variable = 148 -->
    <ScalarVariable
      name="Fe_ser_in_res"
      valueReference="637534259"
      description="Fe flow from other organs to serum">
      <Real/>
    </ScalarVariable>
    <!-- Index for next variable = 149 -->
    <ScalarVariable
      name="Fe_ser_out_liv"
      valueReference="637534260"
      description="Fe flow from serum to liver">
      <Real/>
    </ScalarVariable>
    <!-- Index for next variable = 150 -->
    <ScalarVariable
      name="Fe_ser_out_bm"
      valueReference="637534261"
      description="Fe flow from serum to bone marrow">
      <Real/>
    </ScalarVariable>
    <!-- Index for next variable = 151 -->
    <ScalarVariable
      name="Fe_ser_out_duo"
      valueReference="637534262"
      description="Fe flow from serum to duodenum">
      <Real/>
    </ScalarVariable>
    <!-- Index for next variable = 152 -->
    <ScalarVariable
      name="Fe_ser_out_res"
      valueReference="637534263"
      description="Fe flow from serum to other organs">
      <Real/>
    </ScalarVariable>
    <!-- Index for next variable = 153 -->
    <ScalarVariable
      name="hep_in"
      valueReference="637534264"
      description="Production of hepcidin">
      <Real/>
    </ScalarVariable>
    <!-- Index for next variable = 154 -->
    <ScalarVariable
      name="hep_out"
      valueReference="637534265"
      description="Degradation of hepcidin">
      <Real/>
    </ScalarVariable>
    <!-- Index for next variable = 155 -->
    <ScalarVariable
      name="Il6mRNA_in"
      valueReference="637534266"
      description="Production of IL-6 mRNA">
      <Real/>
    </ScalarVariable>
    <!-- Index for next variable = 156 -->
    <ScalarVariable
      name="Il6mRNA_out"
      valueReference="637534267"
      description="Degradation of IL-6 mRNA">
      <Real/>
    </ScalarVariable>
    <!-- Index for next variable = 157 -->
    <ScalarVariable
      name="Il6_in"
      valueReference="637534268"
      description="Production of IL-6">
      <Real/>
    </ScalarVariable>
    <!-- Index for next variable = 158 -->
    <ScalarVariable
      name="Il6_out"
      valueReference="637534269"
      description="Degradation of IL-6">
      <Real/>
    </ScalarVariable>
    <!-- Index for next variable = 159 -->
    <ScalarVariable
      name="Bmp6_in"
      valueReference="637534270"
      description="Bmp6 production rate">
      <Real/>
    </ScalarVariable>
    <!-- Index for next variable = 160 -->
    <ScalarVariable
      name="Bmp6_out"
      valueReference="637534271"
      description="Bmp6 degradation rate">
      <Real/>
    </ScalarVariable>
    <!-- Index for next variable = 161 -->
    <ScalarVariable
      name="Fe_spl_2"
      valueReference="33554452"
      description="Fe++ in spleen"
      initial="approx">
      <Real
        unit="ug"
        start="4.43525"/>
    </ScalarVariable>
    <!-- Index for next variable = 162 -->
    <ScalarVariable
      name="der(Fe_spl_2)"
      valueReference="587202580"
      description="der(Fe++ in spleen)">
      <Real
        unit="ug/s"
        derivative="161"/>
    </ScalarVariable>
    <!-- Index for next variable = 163 -->
    <ScalarVariable
      name="Fe_spl_3"
      valueReference="33554453"
      description="Fe++ in spleen"
      initial="approx">
      <Real
        unit="ug"
        start="13.30575"/>
    </ScalarVariable>
    <!-- Index for next variable = 164 -->
    <ScalarVariable
      name="der(Fe_spl_3)"
      valueReference="587202581"
      description="der(Fe++ in spleen)">
      <Real
        unit="ug/s"
        derivative="163"/>
    </ScalarVariable>
    <!-- Index for next variable = 165 -->
    <ScalarVariable
      name="Fe_spl_to_ferritin"
      valueReference="637534272">
      <Real/>
    </ScalarVariable>
    <!-- Index for next variable = 166 -->
    <ScalarVariable
      name="Fe_spl_from_ferritin"
      valueReference="637534273">
      <Real/>
    </ScalarVariable>
    <!-- Index for next variable = 167 -->
    <ScalarVariable
      name="Fe_spl_in_RBC"
      valueReference="637534274"
      description="Fe flow to spleen from RBC">
      <Real/>
    </ScalarVariable>
    <!-- Index for next variable = 168 -->
    <ScalarVariable
      name="Fe_spl_in_bm"
      valueReference="637534275"
      description="Fe flow to spleen from bone marrow">
      <Real/>
    </ScalarVariable>
    <!-- Index for next variable = 169 -->
    <ScalarVariable
      name="Fe_spl_out_ser"
      valueReference="637534276"
      description="Fe flow from spleen to serum">
      <Real/>
    </ScalarVariable>
    <!-- Index for next variable = 170 -->
    <ScalarVariable
      name="Fpn_spl_in_1"
      valueReference="637534277"
      description="Fpn in spleen creation: standard from mRNA">
      <Real/>
    </ScalarVariable>
    <!-- Index for next variable = 171 -->
    <ScalarVariable
      name="Fpn_spl_in_2"
      valueReference="637534278"
      description="Fpn in spleen creation by activation of Fe_spl">
      <Real/>
    </ScalarVariable>
    <!-- Index for next variable = 172 -->
    <ScalarVariable
      name="Fpn_spl_out_1"
      valueReference="637534279"
      description="Degradation (internalization) of Fpn in spleen: standard degradation rate">
      <Real/>
    </ScalarVariable>
    <!-- Index for next variable = 173 -->
    <ScalarVariable
      name="Fpn_spl_out_2"
      valueReference="637534280"
      description="Degradation (internalization) of Fpn in spleen by hepcidine">
      <Real/>
    </ScalarVariable>
    <!-- Index for next variable = 174 -->
    <ScalarVariable
      name="Fpn_spl_in"
      valueReference="637534281"
      description="Fpn in spleen synthesis">
      <Real/>
    </ScalarVariable>
    <!-- Index for next variable = 175 -->
    <ScalarVariable
      name="Fpn_spl_out"
      valueReference="637534282"
      description="Fpn in spleen degradation">
      <Real/>
    </ScalarVariable>
    <!-- Index for next variable = 176 -->
    <ScalarVariable
      name="Fpn_spl_mRNA_in"
      valueReference="637534283"
      description="Fpn mRNA in spleen synthesis">
      <Real/>
    </ScalarVariable>
    <!-- Index for next variable = 177 -->
    <ScalarVariable
      name="Fpn_spl_mRNA_out"
      valueReference="637534284"
      description="Fpn mRNA in spleen degradation">
      <Real/>
    </ScalarVariable>
    <!-- Index for next variable = 178 -->
    <ScalarVariable
      name="Fpn_spl_mRNA_inhib"
      valueReference="637534285"
      description="Fpn mRNA in spleen production inhibition by IL-6 (or indirectly by LPS)">
      <Real/>
    </ScalarVariable>
    <!-- Index for next variable = 179 -->
    <ScalarVariable
      name="Fe_res_2"
      valueReference="33554454"
      description="Fe++ in other organs"
      initial="approx">
      <Real
        unit="ug"
        start="116.74625"/>
    </ScalarVariable>
    <!-- Index for next variable = 180 -->
    <ScalarVariable
      name="der(Fe_res_2)"
      valueReference="587202582"
      description="der(Fe++ in other organs)">
      <Real
        unit="ug/s"
        derivative="179"/>
    </ScalarVariable>
    <!-- Index for next variable = 181 -->
    <ScalarVariable
      name="Fe_res_3"
      valueReference="33554455"
      description="Fe++ in other organs"
      initial="approx">
      <Real
        unit="ug"
        start="350.23875"/>
    </ScalarVariable>
    <!-- Index for next variable = 182 -->
    <ScalarVariable
      name="der(Fe_res_3)"
      valueReference="587202583"
      description="der(Fe++ in other organs)">
      <Real
        unit="ug/s"
        derivative="181"/>
    </ScalarVariable>
    <!-- Index for next variable = 183 -->
    <ScalarVariable
      name="Fe_res_to_ferritin"
      valueReference="637534286">
      <Real/>
    </ScalarVariable>
    <!-- Index for next variable = 184 -->
    <ScalarVariable
      name="Fe_res_from_ferritin"
      valueReference="637534287">
      <Real/>
    </ScalarVariable>
    <!-- Index for next variable = 185 -->
    <ScalarVariable
      name="Fe_res_in_ser"
      valueReference="637534288"
      description="Fe flow to other organs from serum">
      <Real/>
    </ScalarVariable>
    <!-- Index for next variable = 186 -->
    <ScalarVariable
      name="Fe_res_out_ser"
      valueReference="637534289"
      description="Fe flow from other organs to serum">
      <Real/>
    </ScalarVariable>
    <!-- Index for next variable = 187 -->
    <ScalarVariable
      name="Fe_res_out_loss"
      valueReference="637534290"
      description="Fe loss from other organs (skin peeling, etc.)">
      <Real/>
    </ScalarVariable>
    <!-- Index for next variable = 188 -->
    <ScalarVariable
      name="Fpn_res_in_1"
      valueReference="637534291"
      description="Fpn in other organs creation: standard from mRNA">
      <Real/>
    </ScalarVariable>
    <!-- Index for next variable = 189 -->
    <ScalarVariable
      name="Fpn_res_in_2"
      valueReference="637534292"
      description="Fpn in other organs creation by activation of Fe_res">
      <Real/>
    </ScalarVariable>
    <!-- Index for next variable = 190 -->
    <ScalarVariable
      name="Fpn_res_out_1"
      valueReference="637534293"
      description="Degradation (internalization) of Fpn in other organs: standard degradation rate">
      <Real/>
    </ScalarVariable>
    <!-- Index for next variable = 191 -->
    <ScalarVariable
      name="Fpn_res_out_2"
      valueReference="637534294"
      description="Degradation (internalization) of Fpn in other organs by hepcidine">
      <Real/>
    </ScalarVariable>
    <!-- Index for next variable = 192 -->
    <ScalarVariable
      name="Fpn_res_in"
      valueReference="637534295"
      description="Fpn in spleen synthesis">
      <Real/>
    </ScalarVariable>
    <!-- Index for next variable = 193 -->
    <ScalarVariable
      name="Fpn_res_out"
      valueReference="637534296"
      description="Fpn in spleen degradation">
      <Real/>
    </ScalarVariable>
    <!-- Index for next variable = 194 -->
    <ScalarVariable
      name="Fpn_res_mRNA_in"
      valueReference="637534297"
      description="Fpn mRNA in other organs synthesis">
      <Real/>
    </ScalarVariable>
    <!-- Index for next variable = 195 -->
    <ScalarVariable
      name="Fpn_res_mRNA_out"
      valueReference="637534298"
      description="Fpn mRNA in other organs degradation">
      <Real/>
    </ScalarVariable>
    <!-- Index for next variable = 196 -->
    <ScalarVariable
      name="Fpn_res_mRNA_inhib"
      valueReference="637534299"
      description="Fpn mRNA in other organs production inhibition by IL-6 (or indirectly by LPS)">
      <Real/>
    </ScalarVariable>
    <!-- Index for next variable = 197 -->
    <ScalarVariable
      name="Fe_bm_in_ser"
      valueReference="637534300"
      description="Fe flow to bone marrow from serum">
      <Real/>
    </ScalarVariable>
    <!-- Index for next variable = 198 -->
    <ScalarVariable
      name="Fe_bm_out_RBC"
      valueReference="637534301"
      description="Fe flow from bone marrow to RBC">
      <Real/>
    </ScalarVariable>
    <!-- Index for next variable = 199 -->
    <ScalarVariable
      name="Fe_bm_out_spl"
      valueReference="637534302"
      description="Fe flow from bone marrow to spleen">
      <Real/>
    </ScalarVariable>
    <!-- Index for next variable = 200 -->
    <ScalarVariable
      name="Fe_RBC_in_bm"
      valueReference="637534303"
      description="Fe flow to RBC from bone marrow">
      <Real/>
    </ScalarVariable>
    <!-- Index for next variable = 201 -->
    <ScalarVariable
      name="Fe_RBC_out_spl"
      valueReference="637534304"
      description="Fe flow from RBC to spleen">
      <Real/>
    </ScalarVariable>
  </ModelVariables>
  <ModelStructure>
    <Derivatives>
      <Unknown index="2"
        dependencies="1 3 9"
        dependenciesKind="fixed dependent dependent"/>
      <Unknown index="4"
        dependencies="3 35 128 130"
        dependenciesKind="fixed dependent fixed fixed"/>
      <Unknown index="6"
        dependencies="5"
        dependenciesKind="fixed"/>
      <Unknown index="8"
        dependencies="5 7"
        dependenciesKind="dependent fixed"/>
      <Unknown index="10"
        dependencies="7 9"
        dependenciesKind="dependent fixed"/>
      <Unknown index="12"
        dependencies="9 11"
        dependenciesKind="dependent fixed"/>
      <Unknown index="14"
        dependencies="9 13"
        dependenciesKind="dependent fixed"/>
      <Unknown index="16"
        dependencies="9 15"
        dependenciesKind="dependent fixed"/>
      <Unknown index="18"
        dependencies="9 17"
        dependenciesKind="dependent fixed"/>
      <Unknown index="20"
        dependencies="1 11 19 128 130"
        dependenciesKind="dependent dependent dependent fixed fixed"/>
      <Unknown index="22"
        dependencies="1 13 21 161 163"
        dependenciesKind="dependent dependent dependent fixed fixed"/>
      <Unknown index="24"
        dependencies="1 15 23 107 109"
        dependenciesKind="dependent dependent dependent fixed fixed"/>
      <Unknown index="26"
        dependencies="1 17 25 179 181"
        dependenciesKind="dependent dependent dependent fixed fixed"/>
      <Unknown index="30"
        dependencies="29 35"
        dependenciesKind="fixed fixed"/>
      <Unknown index="32"
        dependencies="29 31"
        dependenciesKind="fixed fixed"/>
      <Unknown index="36"
        dependencies="19 21 23 25 35 107 109 128 130 161 163 179 181"
        dependenciesKind="dependent dependent dependent dependent dependent fixed fixed fixed fixed fixed fixed fixed fixed"/>
      <Unknown index="108"
        dependencies="23 35 107 109"
        dependenciesKind="dependent fixed fixed fixed"/>
      <Unknown index="110"
        dependencies="107 109"
        dependenciesKind="fixed fixed"/>
      <Unknown index="129"
        dependencies="19 35 128 130"
        dependenciesKind="dependent dependent fixed fixed"/>
      <Unknown index="131"
        dependencies="128 130"
        dependenciesKind="fixed fixed"/>
      <Unknown index="162"
        dependencies="21 29 31 161 163"
        dependenciesKind="dependent fixed fixed fixed fixed"/>
      <Unknown index="164"
        dependencies="161 163"
        dependenciesKind="fixed fixed"/>
      <Unknown index="180"
        dependencies="25 35 179 181"
        dependenciesKind="dependent fixed fixed fixed"/>
      <Unknown index="182"
        dependencies="179 181"
        dependenciesKind="fixed fixed"/>
    </Derivatives>
    <InitialUnknowns>
      <Unknown index="1"
        dependencies="5 40 41 43 44 46 47 48 49 50 51 52 56 57 58 59 60 61 62 63 64 68 72 73 74 75 76 77 78 79 80 81 82 85 86 87 88 89 90 91 92 93 94 95 96 97 98 99 100 101 102 103 104 105"
        dependenciesKind="dependent dependent dependent dependent dependent dependent dependent dependent dependent dependent dependent dependent dependent dependent dependent dependent dependent dependent dependent dependent dependent dependent dependent dependent dependent dependent dependent dependent dependent dependent dependent dependent dependent dependent dependent dependent dependent dependent dependent dependent dependent dependent dependent dependent dependent dependent dependent dependent dependent dependent dependent dependent dependent dependent"/>
      <Unknown index="2"
        dependencies=""
        dependenciesKind=""/>
      <Unknown index="3"
        dependencies="5 40 41 43 44 46 47 48 49 50 51 52 56 57 58 59 60 61 62 63 64 68 72 73 74 75 76 77 78 79 80 81 82 85 86 87 88 89 90 91 92 93 94 95 96 97 98 99 100 101 102 103 104 105"
        dependenciesKind="dependent dependent dependent dependent dependent dependent dependent dependent dependent dependent dependent dependent dependent dependent dependent dependent dependent dependent dependent dependent dependent dependent dependent dependent dependent dependent dependent dependent dependent dependent dependent dependent dependent dependent dependent dependent dependent dependent dependent dependent dependent dependent dependent dependent dependent dependent dependent dependent dependent dependent dependent dependent dependent dependent"/>
      <Unknown index="4"
        dependencies=""
        dependenciesKind=""/>
      <Unknown index="6"
        dependencies="5 45"
        dependenciesKind="dependent dependent"/>
      <Unknown index="7"
        dependencies="5 46 47"
        dependenciesKind="dependent dependent dependent"/>
      <Unknown index="8"
        dependencies=""
        dependenciesKind=""/>
      <Unknown index="9"
        dependencies="5 46 47 48 49"
        dependenciesKind="dependent dependent dependent dependent dependent"/>
      <Unknown index="10"
        dependencies=""
        dependenciesKind=""/>
      <Unknown index="11"
        dependencies="5 46 47 48 49 50 51 52 102"
        dependenciesKind="dependent dependent dependent dependent dependent dependent dependent dependent dependent"/>
      <Unknown index="12"
        dependencies=""
        dependenciesKind=""/>
      <Unknown index="13"
        dependencies="5 46 47 48 49 50 51 52 103"
        dependenciesKind="dependent dependent dependent dependent dependent dependent dependent dependent dependent"/>
      <Unknown index="14"
        dependencies=""
        dependenciesKind=""/>
      <Unknown index="15"
        dependencies="5 46 47 48 49 50 51 52 101"
        dependenciesKind="dependent dependent dependent dependent dependent dependent dependent dependent dependent"/>
      <Unknown index="16"
        dependencies=""
        dependenciesKind=""/>
      <Unknown index="17"
        dependencies="5 46 47 48 49 50 51 52 104"
        dependenciesKind="dependent dependent dependent dependent dependent dependent dependent dependent dependent"/>
      <Unknown index="18"
        dependencies=""
        dependenciesKind=""/>
      <Unknown index="19"
        dependencies="5 40 41 43 44 46 47 48 49 50 51 52 56 57 58 59 60 61 62 63 64 68 72 73 74 75 76 77 78 79 80 81 82 85 86 87 88 89 90 91 92 93 94 95 96 97 98 99 100 101 102 103 104 105"
        dependenciesKind="dependent dependent dependent dependent dependent dependent dependent dependent dependent dependent dependent dependent dependent dependent dependent dependent dependent dependent dependent dependent dependent dependent dependent dependent dependent dependent dependent dependent dependent dependent dependent dependent dependent dependent dependent dependent dependent dependent dependent dependent dependent dependent dependent dependent dependent dependent dependent dependent dependent dependent dependent dependent dependent dependent"/>
      <Unknown index="20"
        dependencies=""
        dependenciesKind=""/>
      <Unknown index="21"
        dependencies="5 40 41 43 44 46 47 48 49 50 51 52 56 57 58 59 60 61 62 63 64 68 72 73 74 75 76 77 78 79 80 81 82 85 86 87 88 89 90 91 92 93 94 95 96 97 98 99 100 101 102 103 104 105"
        dependenciesKind="dependent dependent dependent dependent dependent dependent dependent dependent dependent dependent dependent dependent dependent dependent dependent dependent dependent dependent dependent dependent dependent dependent dependent dependent dependent dependent dependent dependent dependent dependent dependent dependent dependent dependent dependent dependent dependent dependent dependent dependent dependent dependent dependent dependent dependent dependent dependent dependent dependent dependent dependent dependent dependent dependent"/>
      <Unknown index="22"
        dependencies=""
        dependenciesKind=""/>
      <Unknown index="23"
        dependencies="5 40 41 43 44 46 47 48 49 50 51 52 56 57 58 59 60 61 62 63 64 68 72 73 74 75 76 77 78 79 80 81 82 85 86 87 88 89 90 91 92 93 94 95 96 97 98 99 100 101 102 103 104 105"
        dependenciesKind="dependent dependent dependent dependent dependent dependent dependent dependent dependent dependent dependent dependent dependent dependent dependent dependent dependent dependent dependent dependent dependent dependent dependent dependent dependent dependent dependent dependent dependent dependent dependent dependent dependent dependent dependent dependent dependent dependent dependent dependent dependent dependent dependent dependent dependent dependent dependent dependent dependent dependent dependent dependent dependent dependent"/>
      <Unknown index="24"
        dependencies=""
        dependenciesKind=""/>
      <Unknown index="25"
        dependencies="5 40 41 43 44 46 47 48 49 50 51 52 56 57 58 59 60 61 62 63 64 68 72 73 74 75 76 77 78 79 80 81 82 85 86 87 88 89 90 91 92 93 94 95 96 97 98 99 100 101 102 103 104 105"
        dependenciesKind="dependent dependent dependent dependent dependent dependent dependent dependent dependent dependent dependent dependent dependent dependent dependent dependent dependent dependent dependent dependent dependent dependent dependent dependent dependent dependent dependent dependent dependent dependent dependent dependent dependent dependent dependent dependent dependent dependent dependent dependent dependent dependent dependent dependent dependent dependent dependent dependent dependent dependent dependent dependent dependent dependent"/>
      <Unknown index="26"
        dependencies=""
        dependenciesKind=""/>
      <Unknown index="29"
        dependencies="5 40 41 43 44 46 47 48 49 50 51 52 56 57 58 59 60 61 62 63 64 68 72 73 74 75 76 77 78 79 80 81 82 85 86 87 88 89 90 91 92 93 94 95 96 97 98 99 100 101 102 103 104 105"
        dependenciesKind="dependent dependent dependent dependent dependent dependent dependent dependent dependent dependent dependent dependent dependent dependent dependent dependent dependent dependent dependent dependent dependent dependent dependent dependent dependent dependent dependent dependent dependent dependent dependent dependent dependent dependent dependent dependent dependent dependent dependent dependent dependent dependent dependent dependent dependent dependent dependent dependent dependent dependent dependent dependent dependent dependent"/>
      <Unknown index="30"
        dependencies=""
        dependenciesKind=""/>
      <Unknown index="31"
        dependencies="5 40 41 43 44 46 47 48 49 50 51 52 56 57 58 59 60 61 62 63 64 68 72 73 74 75 76 77 78 79 80 81 82 85 86 87 88 89 90 91 92 93 94 95 96 97 98 99 100 101 102 103 104 105"
        dependenciesKind="dependent dependent dependent dependent dependent dependent dependent dependent dependent dependent dependent dependent dependent dependent dependent dependent dependent dependent dependent dependent dependent dependent dependent dependent dependent dependent dependent dependent dependent dependent dependent dependent dependent dependent dependent dependent dependent dependent dependent dependent dependent dependent dependent dependent dependent dependent dependent dependent dependent dependent dependent dependent dependent dependent"/>
      <Unknown index="32"
        dependencies=""
        dependenciesKind=""/>
      <Unknown index="35"
        dependencies="5 40 41 43 44 46 47 48 49 50 51 52 56 57 58 59 60 61 62 63 64 68 72 73 74 75 76 77 78 79 80 81 82 85 86 87 88 89 90 91 92 93 94 95 96 97 98 99 100 101 102 103 104 105"
        dependenciesKind="dependent dependent dependent dependent dependent dependent dependent dependent dependent dependent dependent dependent dependent dependent dependent dependent dependent dependent dependent dependent dependent dependent dependent dependent dependent dependent dependent dependent dependent dependent dependent dependent dependent dependent dependent dependent dependent dependent dependent dependent dependent dependent dependent dependent dependent dependent dependent dependent dependent dependent dependent dependent dependent dependent"/>
      <Unknown index="36"
        dependencies=""
        dependenciesKind=""/>
      <Unknown index="107"
        dependencies="5 40 41 43 44 46 47 48 49 50 51 52 56 57 58 59 60 61 62 63 64 68 72 73 74 75 76 77 78 79 80 81 82 85 86 87 88 89 90 91 92 93 94 95 96 97 98 99 100 101 102 103 104 105"
        dependenciesKind="dependent dependent dependent dependent dependent dependent dependent dependent dependent dependent dependent dependent dependent dependent dependent dependent dependent dependent dependent dependent dependent dependent dependent dependent dependent dependent dependent dependent dependent dependent dependent dependent dependent dependent dependent dependent dependent dependent dependent dependent dependent dependent dependent dependent dependent dependent dependent dependent dependent dependent dependent dependent dependent dependent"/>
      <Unknown index="108"
        dependencies=""
        dependenciesKind=""/>
      <Unknown index="109"
        dependencies="5 40 41 43 44 46 47 48 49 50 51 52 56 57 58 59 60 61 62 63 64 68 72 73 74 75 76 77 78 79 80 81 82 85 86 87 88 89 90 91 92 93 94 95 96 97 98 99 100 101 102 103 104 105"
        dependenciesKind="dependent dependent dependent dependent dependent dependent dependent dependent dependent dependent dependent dependent dependent dependent dependent dependent dependent dependent dependent dependent dependent dependent dependent dependent dependent dependent dependent dependent dependent dependent dependent dependent dependent dependent dependent dependent dependent dependent dependent dependent dependent dependent dependent dependent dependent dependent dependent dependent dependent dependent dependent dependent dependent dependent"/>
      <Unknown index="110"
        dependencies=""
        dependenciesKind=""/>
      <Unknown index="128"
        dependencies="5 40 41 43 44 46 47 48 49 50 51 52 56 57 58 59 60 61 62 63 64 68 72 73 74 75 76 77 78 79 80 81 82 85 86 87 88 89 90 91 92 93 94 95 96 97 98 99 100 101 102 103 104 105"
        dependenciesKind="dependent dependent dependent dependent dependent dependent dependent dependent dependent dependent dependent dependent dependent dependent dependent dependent dependent dependent dependent dependent dependent dependent dependent dependent dependent dependent dependent dependent dependent dependent dependent dependent dependent dependent dependent dependent dependent dependent dependent dependent dependent dependent dependent dependent dependent dependent dependent dependent dependent dependent dependent dependent dependent dependent"/>
      <Unknown index="129"
        dependencies=""
        dependenciesKind=""/>
      <Unknown index="130"
        dependencies="5 40 41 43 44 46 47 48 49 50 51 52 56 57 58 59 60 61 62 63 64 68 72 73 74 75 76 77 78 79 80 81 82 85 86 87 88 89 90 91 92 93 94 95 96 97 98 99 100 101 102 103 104 105"
        dependenciesKind="dependent dependent dependent dependent dependent dependent dependent dependent dependent dependent dependent dependent dependent dependent dependent dependent dependent dependent dependent dependent dependent dependent dependent dependent dependent dependent dependent dependent dependent dependent dependent dependent dependent dependent dependent dependent dependent dependent dependent dependent dependent dependent dependent dependent dependent dependent dependent dependent dependent dependent dependent dependent dependent dependent"/>
      <Unknown index="131"
        dependencies=""
        dependenciesKind=""/>
      <Unknown index="161"
        dependencies="5 40 41 43 44 46 47 48 49 50 51 52 56 57 58 59 60 61 62 63 64 68 72 73 74 75 76 77 78 79 80 81 82 85 86 87 88 89 90 91 92 93 94 95 96 97 98 99 100 101 102 103 104 105"
        dependenciesKind="dependent dependent dependent dependent dependent dependent dependent dependent dependent dependent dependent dependent dependent dependent dependent dependent dependent dependent dependent dependent dependent dependent dependent dependent dependent dependent dependent dependent dependent dependent dependent dependent dependent dependent dependent dependent dependent dependent dependent dependent dependent dependent dependent dependent dependent dependent dependent dependent dependent dependent dependent dependent dependent dependent"/>
      <Unknown index="162"
        dependencies=""
        dependenciesKind=""/>
      <Unknown index="163"
        dependencies="5 40 41 43 44 46 47 48 49 50 51 52 56 57 58 59 60 61 62 63 64 68 72 73 74 75 76 77 78 79 80 81 82 85 86 87 88 89 90 91 92 93 94 95 96 97 98 99 100 101 102 103 104 105"
        dependenciesKind="dependent dependent dependent dependent dependent dependent dependent dependent dependent dependent dependent dependent dependent dependent dependent dependent dependent dependent dependent dependent dependent dependent dependent dependent dependent dependent dependent dependent dependent dependent dependent dependent dependent dependent dependent dependent dependent dependent dependent dependent dependent dependent dependent dependent dependent dependent dependent dependent dependent dependent dependent dependent dependent dependent"/>
      <Unknown index="164"
        dependencies=""
        dependenciesKind=""/>
      <Unknown index="179"
        dependencies="5 40 41 43 44 46 47 48 49 50 51 52 56 57 58 59 60 61 62 63 64 68 72 73 74 75 76 77 78 79 80 81 82 85 86 87 88 89 90 91 92 93 94 95 96 97 98 99 100 101 102 103 104 105"
        dependenciesKind="dependent dependent dependent dependent dependent dependent dependent dependent dependent dependent dependent dependent dependent dependent dependent dependent dependent dependent dependent dependent dependent dependent dependent dependent dependent dependent dependent dependent dependent dependent dependent dependent dependent dependent dependent dependent dependent dependent dependent dependent dependent dependent dependent dependent dependent dependent dependent dependent dependent dependent dependent dependent dependent dependent"/>
      <Unknown index="180"
        dependencies=""
        dependenciesKind=""/>
      <Unknown index="181"
        dependencies="5 40 41 43 44 46 47 48 49 50 51 52 56 57 58 59 60 61 62 63 64 68 72 73 74 75 76 77 78 79 80 81 82 85 86 87 88 89 90 91 92 93 94 95 96 97 98 99 100 101 102 103 104 105"
        dependenciesKind="dependent dependent dependent dependent dependent dependent dependent dependent dependent dependent dependent dependent dependent dependent dependent dependent dependent dependent dependent dependent dependent dependent dependent dependent dependent dependent dependent dependent dependent dependent dependent dependent dependent dependent dependent dependent dependent dependent dependent dependent dependent dependent dependent dependent dependent dependent dependent dependent dependent dependent dependent dependent dependent dependent"/>
      <Unknown index="182"
        dependencies=""
        dependenciesKind=""/>
    </InitialUnknowns>
  </ModelStructure>
</fmiModelDescription>
