<?xml version="1.0" encoding="UTF-8"?>
<fmiModelDescription
  xmlns:xsi="http://www.w3.org/2001/XMLSchema-instance"
  fmiVersion="2.0"
  modelName="TlakPrutok"
  guid="{180a45f3-d7b6-4df8-b1a9-99dfe746691f}"
  generationTool="Dymola Version 2021x (64-bit), 2020-10-09"
  generationDateAndTime="2022-06-20T11:06:06Z"
  variableNamingConvention="structured"
  numberOfEventIndicators="0">
  <CoSimulation
    modelIdentifier="TlakPrutok"
    canHandleVariableCommunicationStepSize="true"
    canInterpolateInputs="true"
    maxOutputDerivativeOrder="1"
    canGetAndSetFMUstate="true"
    canSerializeFMUstate="true"
    providesDirectionalDerivative="true">
    <SourceFiles>
      <File
        name="all.c"/>
    </SourceFiles>
  </CoSimulation>
  <DefaultExperiment startTime="0.0"
    stopTime="1.0"
    tolerance="0.0001"/>
  <ModelVariables>
    <!-- Index for next variable = 1 -->
    <ScalarVariable
      name="Q"
      valueReference="100663296"
      variability="fixed">
      <Real/>
    </ScalarVariable>
    <!-- Index for next variable = 2 -->
    <ScalarVariable
      name="R"
      valueReference="16777216"
      causality="parameter"
      variability="fixed">
      <Real start="1.9"/>
    </ScalarVariable>
    <!-- Index for next variable = 3 -->
    <ScalarVariable
      name="Pin"
      valueReference="16777217"
      causality="parameter"
      variability="fixed">
      <Real start="25.1"/>
    </ScalarVariable>
    <!-- Index for next variable = 4 -->
    <ScalarVariable
      name="Pout"
      valueReference="16777218"
      causality="parameter"
      variability="fixed">
      <Real start="15.6"/>
    </ScalarVariable>
  </ModelVariables>
  <ModelStructure/>
</fmiModelDescription>
